created_at,id,Pressure 1,Pressure 2,Flow rate,latitude,longitude,elevation,status
2024-05-25T08:31:57+00:00,3,35.48957,5.49288,12.33333,,,,
2024-05-25T08:32:13+00:00,4,36.50723,12.12587,11.73333,,,,
2024-05-25T08:32:28+00:00,5,36.61425,12.49448,14.93333,,,,
2024-05-25T08:32:44+00:00,6,36.84395,12.99472,13.93333,,,,
2024-05-25T08:33:02+00:00,7,37.16658,13.74625,14.4,,,,
2024-05-25T08:33:19+00:00,8,36.673,12.63831,15.11111,,,,
2024-05-25T08:33:34+00:00,9,36.44874,12.6827,14.86667,,,,
2024-05-25T08:33:50+00:00,10,36.36183,12.65476,14.33333,,,,
2024-05-25T08:34:07+00:00,11,36.15089,12.63718,14,,,,
2024-05-25T08:34:23+00:00,12,36.07879,12.61372,17.2,,,,
2024-05-25T08:34:39+00:00,13,36.12772,12.74946,15.93333,,,,
2024-05-25T08:34:55+00:00,14,36.10207,12.79765,16.73333,,,,
2024-05-25T08:35:12+00:00,15,36.10041,12.77477,20.26667,,,,
2024-05-25T08:35:28+00:00,16,36.08967,12.85948,17.93333,,,,
2024-05-25T08:35:45+00:00,17,36.1167,12.92839,11.51111,,,,
2024-05-25T08:36:01+00:00,18,36.0318,12.94284,26.93333,,,,
2024-05-25T08:36:18+00:00,19,35.99166,12.97496,15.91111,,,,
2024-05-25T08:36:35+00:00,20,36.07357,13.04037,15.66667,,,,
2024-05-25T08:36:50+00:00,21,36.1522,13.0649,19.86667,,,,
2024-05-25T08:37:06+00:00,22,36.04535,13.1087,18.26667,,,,
2024-05-25T08:37:22+00:00,23,35.98762,13.17768,16,,,,
2024-05-25T08:37:40+00:00,24,36.31367,13.37837,12.48889,,,,
2024-05-25T08:37:56+00:00,25,36.4316,13.45949,15.73333,,,,
2024-05-25T08:38:12+00:00,26,36.40135,13.53137,20.6,,,,
2024-05-25T08:38:28+00:00,27,36.29571,13.57943,16.33333,,,,
2024-05-25T08:38:44+00:00,28,36.30552,13.60912,17.06667,,,,
2024-05-25T08:39:01+00:00,29,36.33819,13.5598,14.93333,,,,
2024-05-25T08:39:17+00:00,30,36.3735,13.57885,15.53333,,,,
2024-05-25T08:39:32+00:00,31,36.21949,13.60981,16.4,,,,
2024-05-25T08:39:48+00:00,32,36.26378,13.69157,18.13333,,,,
2024-05-25T08:40:04+00:00,33,36.12986,13.69115,18.4,,,,
2024-05-25T08:40:20+00:00,34,36.23313,13.69241,19.13334,,,,
2024-05-25T08:40:36+00:00,35,36.17657,13.67856,17.8,,,,
2024-05-25T08:40:52+00:00,36,36.11492,13.62442,36.93333,,,,
2024-05-25T08:41:09+00:00,37,36.01987,13.56215,21.8,,,,
2024-05-25T08:41:26+00:00,38,36.01848,13.56482,20,,,,
2024-05-25T08:41:42+00:00,39,35.89877,13.54429,16.26667,,,,
2024-05-25T08:41:58+00:00,40,36.02148,13.54558,13.28889,,,,
2024-05-25T08:42:15+00:00,41,35.9581,13.5402,13.51111,,,,
2024-05-25T08:42:40+00:00,42,35.85717,13.5047,14.17143,,,,
2024-05-25T08:42:56+00:00,43,35.70885,13.4654,19.13334,,,,
2024-05-25T08:43:13+00:00,44,35.73588,13.53739,16.2,,,,
2024-05-25T08:43:29+00:00,45,35.79889,13.55721,18,,,,
2024-05-25T08:43:46+00:00,46,35.80486,13.5672,15.33333,,,,
2024-05-25T08:44:02+00:00,47,35.74347,13.61138,17.66667,,,,
2024-05-25T08:44:19+00:00,48,35.70826,13.5907,19.73333,,,,
2024-05-25T08:44:35+00:00,49,35.82317,13.61646,21.4,,,,
2024-05-25T08:44:51+00:00,50,35.60324,13.64159,18.33333,,,,
2024-05-25T08:45:07+00:00,51,35.61406,13.63476,15.06667,,,,
2024-05-25T08:45:23+00:00,52,35.62294,13.56213,16.73333,,,,
2024-05-25T08:45:39+00:00,53,35.57774,13.55607,16.66667,,,,
2024-05-25T08:45:55+00:00,54,35.47543,13.5245,16.6,,,,
2024-05-25T08:46:10+00:00,55,35.48441,13.54807,20.53333,,,,
2024-05-25T08:46:27+00:00,56,35.49936,13.5317,18.66667,,,,
2024-05-25T08:46:42+00:00,57,35.43884,13.55252,17.6,,,,
2024-05-25T08:46:58+00:00,58,35.36669,13.54782,21.4,,,,
2024-05-25T08:47:14+00:00,59,35.40372,13.55835,16.8,,,,
2024-05-25T08:47:32+00:00,60,35.38393,13.52141,11.8,,,,
2024-05-25T08:47:48+00:00,61,35.26388,13.52885,20.26667,,,,
2024-05-25T08:48:04+00:00,62,35.24421,13.4733,20.06667,,,,
2024-05-25T08:48:20+00:00,63,35.1264,13.46639,28.2,,,,
2024-05-25T08:48:36+00:00,64,35.15042,13.45369,16.33333,,,,
2024-05-25T08:48:53+00:00,65,35.18731,13.45955,18.6,,,,
2024-05-25T08:49:09+00:00,66,35.11547,13.46579,14.06667,,,,
2024-05-25T08:49:25+00:00,67,35.08833,13.48834,17.6,,,,
2024-05-25T08:49:43+00:00,68,35.01355,13.53552,14,,,,
2024-05-25T08:50:01+00:00,69,34.99162,13.49334,20.46667,,,,
2024-05-25T08:50:17+00:00,70,35.00626,13.48889,31.6,,,,
2024-05-25T08:50:35+00:00,71,34.9552,13.42366,19,,,,
2024-05-25T08:50:51+00:00,72,34.85829,13.37952,17,,,,
2024-05-25T08:51:08+00:00,73,34.82279,13.38766,21.33333,,,,
2024-05-25T08:51:25+00:00,74,34.8159,13.38439,19.24444,,,,
2024-05-25T08:51:41+00:00,75,34.70263,13.36303,22.4,,,,
2024-05-25T08:51:58+00:00,76,34.71312,13.34802,21.13333,,,,
2024-05-25T08:52:13+00:00,77,34.72259,13.35074,17.8,,,,
2024-05-25T08:52:29+00:00,78,34.72062,13.30982,17.33333,,,,
2024-05-25T08:52:46+00:00,79,34.59724,13.23372,29.8,,,,
2024-05-25T08:53:03+00:00,80,34.49976,13.23044,14.8,,,,
2024-05-25T08:53:18+00:00,81,34.52603,13.27127,16.06667,,,,
2024-05-25T08:53:34+00:00,82,34.40985,13.27112,14.13333,,,,
2024-05-25T08:53:51+00:00,83,34.41147,13.24201,20.73333,,,,
2024-05-25T08:54:07+00:00,84,34.49695,13.17738,17.46667,,,,
2024-05-25T08:54:23+00:00,85,34.29566,13.16872,17.46667,,,,
2024-05-25T08:54:39+00:00,86,34.33792,13.19221,17.4,,,,
2024-05-25T08:54:55+00:00,87,34.28705,13.17286,16.93333,,,,
2024-05-25T08:55:11+00:00,88,34.29366,13.18386,16.86667,,,,
2024-05-25T08:55:27+00:00,89,34.34246,13.20639,18.2,,,,
2024-05-25T08:55:43+00:00,90,34.22617,13.14309,17.8,,,,
2024-05-25T08:55:59+00:00,91,34.16181,13.08815,23,,,,
2024-05-25T08:56:15+00:00,92,34.0984,13.07463,20.6,,,,
2024-05-25T08:56:31+00:00,93,34.04414,13.09665,19.6,,,,
2024-05-25T08:56:47+00:00,94,34.11354,13.09124,20.86667,,,,
2024-05-25T08:57:04+00:00,95,34.02641,13.0701,17.4,,,,
2024-05-25T08:57:22+00:00,96,33.95859,13.08801,17.06667,,,,
2024-05-25T08:57:39+00:00,97,34.02523,13.10566,20.26667,,,,
2024-05-25T08:57:55+00:00,98,33.98695,13.13472,18.4,,,,
2024-05-25T08:58:11+00:00,99,33.97149,13.14254,15.26667,,,,
2024-05-25T08:58:29+00:00,100,33.90896,13.16785,16.4,,,,
2024-05-25T08:58:45+00:00,101,33.82148,13.09731,15.93333,,,,
2024-05-25T08:59:02+00:00,102,33.84098,13.04591,15.86667,,,,
2024-05-25T08:59:18+00:00,103,33.37655,13.03316,17.13333,,,,
2024-05-25T08:59:34+00:00,104,33.76035,13.02456,20.4,,,,
2024-05-25T08:59:50+00:00,105,33.73177,13.02316,17.53333,,,,
2024-05-25T09:00:07+00:00,106,33.59474,12.97384,15,,,,
2024-05-25T09:00:24+00:00,107,33.58571,12.92264,14.97778,,,,
2024-05-25T09:00:41+00:00,108,33.62955,12.96354,17.4,,,,
2024-05-25T09:00:57+00:00,109,33.60311,12.95475,17.53333,,,,
2024-05-25T09:01:14+00:00,110,33.48389,12.95719,15.26667,,,,
2024-05-25T09:01:30+00:00,111,33.51425,12.92555,13.64444,,,,
2024-05-25T09:01:47+00:00,112,33.47564,12.91683,16.4,,,,
2024-05-25T09:02:03+00:00,113,33.32978,12.84136,18.73333,,,,
2024-05-25T09:02:21+00:00,114,33.43048,12.80206,14.23333,,,,
2024-05-25T09:02:37+00:00,115,33.3317,12.77482,19.33333,,,,
2024-05-25T09:02:53+00:00,116,33.32126,12.72013,16.53333,,,,
2024-05-25T09:03:09+00:00,117,33.17872,12.73646,23.6,,,,
2024-05-25T09:03:25+00:00,118,33.20492,12.71318,15.73333,,,,
2024-05-25T09:03:41+00:00,119,33.14433,12.69574,16.73333,,,,
2024-05-25T09:03:57+00:00,120,33.09147,12.71854,19.8,,,,
2024-05-25T09:04:14+00:00,121,33.09745,12.7115,16.73333,,,,
2024-05-25T09:04:30+00:00,122,33.05282,12.69967,23.13333,,,,
2024-05-25T09:04:46+00:00,123,33.01812,12.6805,26.53333,,,,
2024-05-25T09:05:02+00:00,124,32.96576,12.68404,17.73333,,,,
2024-05-25T09:05:19+00:00,125,32.96257,12.70756,14,,,,
2024-05-25T09:05:36+00:00,126,32.95532,12.69549,19.4,,,,
2024-05-25T09:05:52+00:00,127,32.90504,12.7131,16.53333,,,,
2024-05-25T09:06:08+00:00,128,32.79087,12.67296,13.51111,,,,
2024-05-25T09:06:25+00:00,129,32.77444,12.62425,20.53333,,,,
2024-05-25T09:06:40+00:00,130,32.74587,12.51385,17.73333,,,,
2024-05-25T09:06:57+00:00,131,32.69277,12.46308,13.28,,,,
2024-05-25T09:07:12+00:00,132,32.62264,12.44082,19.46667,,,,
2024-05-25T09:07:30+00:00,133,32.55507,12.44344,26.26667,,,,
2024-05-25T09:07:46+00:00,134,32.51776,12.40284,16.86667,,,,
2024-05-25T09:08:03+00:00,135,32.48252,12.37541,19.06667,,,,
2024-05-25T09:08:20+00:00,136,32.51408,12.31625,17.86667,,,,
2024-05-25T09:08:36+00:00,137,32.46382,12.33745,20,,,,
2024-05-25T09:08:52+00:00,138,32.3814,12.37473,17.4,,,,
2024-05-25T09:09:08+00:00,139,32.38443,12.36956,20.26667,,,,
2024-05-25T09:09:25+00:00,140,32.311,12.30638,16.06667,,,,
2024-05-25T09:09:42+00:00,141,32.24954,12.31004,19.8,,,,
2024-05-25T09:09:58+00:00,142,32.19038,12.36145,20.8,,,,
2024-05-25T09:10:15+00:00,143,32.2256,12.32448,15.91111,,,,
2024-05-25T09:10:32+00:00,144,32.18341,12.32622,18.33333,,,,
2024-05-25T09:10:48+00:00,145,32.20229,12.32083,27.6,,,,
2024-05-25T09:11:04+00:00,146,32.20086,12.27984,15.4,,,,
2024-05-25T09:11:20+00:00,147,32.1766,12.2115,23.46667,,,,
2024-05-25T09:11:37+00:00,148,32.10946,12.14204,26.13333,,,,
2024-05-25T09:11:53+00:00,149,32.04918,12.15307,17.2,,,,
2024-05-25T09:12:10+00:00,150,31.97023,12.07382,18.86667,,,,
2024-05-25T09:12:27+00:00,151,31.90458,12.1162,17.15556,,,,
2024-05-25T09:12:43+00:00,152,31.89603,12.17753,20.8,,,,
2024-05-25T09:12:59+00:00,153,31.80407,12.17309,18.06667,,,,
2024-05-25T09:13:15+00:00,154,31.8488,12.16036,18.13333,,,,
2024-05-25T09:13:30+00:00,155,31.73296,12.07582,16.4,,,,
2024-05-25T09:13:47+00:00,156,31.70156,12.02676,16.6,,,,
2024-05-25T09:14:03+00:00,157,31.74001,12.02669,22.06667,,,,
2024-05-25T09:14:19+00:00,158,31.64422,12.02882,22.06667,,,,
2024-05-25T09:14:35+00:00,159,31.6357,12.0392,18.73333,,,,
2024-05-25T09:14:52+00:00,160,31.51427,12.05365,18.06667,,,,
2024-05-25T09:15:08+00:00,161,31.57392,12.02757,16.4,,,,
2024-05-25T09:15:25+00:00,162,31.42115,11.98503,21.6,,,,
2024-05-25T09:15:42+00:00,163,31.4252,11.93292,18.73333,,,,
2024-05-25T09:15:59+00:00,164,31.47537,11.91138,17.95556,,,,
2024-05-25T09:16:16+00:00,165,31.36987,11.90399,19.66667,,,,
2024-05-25T09:16:33+00:00,166,31.325,11.91084,20.46667,,,,
2024-05-25T09:16:49+00:00,167,31.25166,11.87911,17.33333,,,,
2024-05-25T09:17:05+00:00,168,31.26073,11.86872,18,,,,
2024-05-25T09:17:21+00:00,169,31.14222,11.78936,16.2,,,,
2024-05-25T09:17:37+00:00,170,31.13792,11.77021,15.73333,,,,
2024-05-25T09:17:54+00:00,171,31.13265,11.74785,24.93333,,,,
2024-05-25T09:18:10+00:00,172,31.11501,11.76741,16.13333,,,,
2024-05-25T09:18:27+00:00,173,31.08803,11.7577,15.93333,,,,
2024-05-25T09:18:43+00:00,174,31.00732,11.74431,18.66667,,,,
2024-05-25T09:19:00+00:00,175,30.93937,11.69889,17.6,,,,
2024-05-25T09:19:16+00:00,176,30.88573,11.63095,18.66667,,,,
2024-05-25T09:19:32+00:00,177,30.8316,11.54468,14.86667,,,,
2024-05-25T09:19:48+00:00,178,30.62918,10.96561,20.13333,,,,
2024-05-25T09:20:04+00:00,179,30.6487,10.96739,18.66667,,,,
2024-05-25T09:20:20+00:00,180,30.53103,10.95031,28.93333,,,,
2024-05-25T09:20:38+00:00,181,30.56691,10.91894,17.46667,,,,
2024-05-25T09:20:55+00:00,182,30.46893,10.79307,16.71111,,,,
2024-05-25T09:21:12+00:00,183,30.43732,10.82874,18,,,,
2024-05-25T09:21:29+00:00,184,30.41378,10.82378,18.33333,,,,
2024-05-25T09:21:45+00:00,185,30.32857,10.83164,26.53333,,,,
2024-05-25T09:22:02+00:00,186,30.38177,10.81679,20.46667,,,,
2024-05-25T09:22:18+00:00,187,30.27998,10.77567,16.86667,,,,
2024-05-25T09:22:35+00:00,188,30.27599,10.79226,18,,,,
2024-05-25T09:22:51+00:00,189,30.24856,10.79392,17,,,,
2024-05-25T09:23:07+00:00,190,30.24752,10.80727,16.86667,,,,
2024-05-25T09:23:24+00:00,191,30.17885,10.81186,13.82222,,,,
2024-05-25T09:23:41+00:00,192,30.06985,10.7763,19.6,,,,
2024-05-25T09:23:57+00:00,193,30.0976,10.79863,27.53333,,,,
2024-05-25T09:24:13+00:00,194,30.04436,10.75506,17.13333,,,,
2024-05-25T09:24:30+00:00,195,29.98841,10.65114,18.35556,,,,
2024-05-25T09:24:47+00:00,196,29.90531,10.67639,18.2,,,,
2024-05-25T09:25:03+00:00,197,29.95848,10.68022,23.8,,,,
2024-05-25T09:25:19+00:00,198,29.88484,10.65118,16.6,,,,
2024-05-25T09:25:35+00:00,199,29.8399,10.67219,17.26667,,,,
2024-05-25T09:25:51+00:00,200,29.697,10.66994,20.6,,,,
2024-05-25T09:26:07+00:00,201,29.72564,10.61159,20.6,,,,
2024-05-25T09:26:24+00:00,202,29.65323,10.54305,14.06667,,,,
2024-05-25T09:26:40+00:00,203,29.6659,10.47068,18.93333,,,,
2024-05-25T09:26:57+00:00,204,29.67642,10.46887,19.6,,,,
2024-05-25T09:27:13+00:00,205,29.63741,10.48028,17.13333,,,,
2024-05-25T09:27:30+00:00,206,29.60961,10.45275,19.86667,,,,
2024-05-25T09:27:46+00:00,207,29.56566,10.48045,26.26667,,,,
2024-05-25T09:28:02+00:00,208,29.49722,10.42935,16.93333,,,,
2024-05-25T09:28:20+00:00,209,29.37429,10.45103,15.06667,,,,
2024-05-25T09:28:38+00:00,210,29.4334,10.41353,12.26667,,,,
2024-05-25T09:28:54+00:00,211,29.38176,10.36776,20.13333,,,,
2024-05-25T09:29:10+00:00,212,29.25695,10.38308,17,,,,
2024-05-25T09:29:26+00:00,213,29.33173,10.34843,19.53333,,,,
2024-05-25T09:29:42+00:00,214,29.25811,10.32345,24.33333,,,,
2024-05-25T09:30:00+00:00,215,29.22821,10.27918,17.54286,,,,
2024-05-25T09:30:16+00:00,216,29.11696,10.22905,20.53333,,,,
2024-05-25T09:30:32+00:00,217,29.13917,10.21888,22.53333,,,,
2024-05-25T09:30:49+00:00,218,29.08094,10.26199,18.53333,,,,
2024-05-25T09:31:07+00:00,219,29.08805,10.30187,19.13334,,,,
2024-05-25T09:31:23+00:00,220,29.03291,10.28838,26.26667,,,,
2024-05-25T09:31:39+00:00,221,28.96832,10.26169,28.2,,,,
2024-05-25T09:31:55+00:00,222,28.90363,10.21987,27.46667,,,,
2024-05-25T09:32:10+00:00,223,28.88641,10.22902,33.46667,,,,
2024-05-25T09:32:26+00:00,224,28.85154,10.2925,23.46667,,,,
2024-05-25T09:32:42+00:00,225,28.78317,10.30289,16.53333,,,,
2024-05-25T09:32:58+00:00,226,28.80361,10.28478,21.4,,,,
2024-05-25T09:33:14+00:00,227,28.80049,10.27845,36.06667,,,,
2024-05-25T09:33:32+00:00,228,28.78993,10.17704,21.4,,,,
2024-05-25T09:33:49+00:00,229,28.68805,10.13114,22.46667,,,,
2024-05-25T09:34:05+00:00,230,28.597,10.11766,21.8,,,,
2024-05-25T09:34:20+00:00,231,28.62656,10.11274,21.33333,,,,
2024-05-25T09:34:37+00:00,232,28.57078,10.11165,18.88889,,,,
2024-05-25T09:34:55+00:00,233,28.54344,10.11392,16.73333,,,,
2024-05-25T09:35:10+00:00,234,28.57635,10.12239,19.06667,,,,
2024-05-25T09:35:26+00:00,235,28.52608,10.12135,22.26667,,,,
2024-05-25T09:35:43+00:00,236,28.40516,10.09254,17,,,,
2024-05-25T09:35:59+00:00,237,28.38387,10.06233,15.66667,,,,
2024-05-25T09:36:16+00:00,238,28.34177,9.97808,21.73333,,,,
2024-05-25T09:36:32+00:00,239,28.31634,9.92,24.13333,,,,
2024-05-25T09:36:50+00:00,240,28.2726,9.93282,20.33333,,,,
2024-05-25T09:37:06+00:00,241,28.26079,9.93626,20.73333,,,,
2024-05-25T09:37:22+00:00,242,28.13974,9.91355,20.46667,,,,
2024-05-25T09:37:39+00:00,243,28.09459,9.87198,20.06667,,,,
2024-05-25T09:37:54+00:00,244,28.18651,9.87656,22.86667,,,,
2024-05-25T09:38:11+00:00,245,28.16077,9.87557,14.93333,,,,
2024-05-25T09:38:27+00:00,246,28.07127,9.81869,20.13333,,,,
2024-05-25T09:38:44+00:00,247,28.06999,9.83027,31.53333,,,,
2024-05-25T09:39:00+00:00,248,28.08091,9.79008,16.8,,,,
2024-05-25T09:39:16+00:00,249,27.99125,9.76292,15.26667,,,,
2024-05-25T09:39:32+00:00,250,27.86348,9.7583,25.53333,,,,
2024-05-25T09:39:48+00:00,251,27.8412,9.73006,23.4,,,,
2024-05-25T09:40:04+00:00,252,27.85578,9.75889,23.26667,,,,
2024-05-25T09:40:21+00:00,253,27.79017,9.78837,16.75556,,,,
2024-05-25T09:40:37+00:00,254,27.78688,9.73392,21.13333,,,,
2024-05-25T09:40:54+00:00,255,27.73345,9.65359,17.73333,,,,
2024-05-25T09:41:10+00:00,256,27.75608,9.65943,18.8,,,,
2024-05-25T09:41:26+00:00,257,27.6606,9.68575,16.6,,,,
2024-05-25T09:41:42+00:00,258,27.63764,9.72561,20.73333,,,,
2024-05-25T09:41:59+00:00,259,27.57266,9.73093,21.33333,,,,
2024-05-25T09:42:15+00:00,260,27.6114,9.70737,18.73333,,,,
2024-05-25T09:42:32+00:00,261,27.43333,9.71062,21.93333,,,,
2024-05-25T09:42:48+00:00,262,27.50833,9.6875,25.73333,,,,
2024-05-25T09:43:05+00:00,263,27.51951,9.69879,18.33333,,,,
2024-05-25T09:43:22+00:00,264,27.48499,9.64319,20.46667,,,,
2024-05-25T09:43:38+00:00,265,27.35952,9.59423,20.13333,,,,
2024-05-25T09:43:55+00:00,266,27.37733,9.62174,20.4,,,,
2024-05-25T09:44:12+00:00,267,27.36198,9.59518,17.26667,,,,
2024-05-25T09:44:28+00:00,268,27.24874,9.5705,19.53333,,,,
2024-05-25T09:44:44+00:00,269,27.12584,9.4523,17.66667,,,,
2024-05-25T09:44:59+00:00,270,27.20578,9.38644,15.92381,,,,
2024-05-25T09:45:15+00:00,271,27.12812,9.41832,22.2,,,,
2024-05-25T09:45:31+00:00,272,27.1094,9.40041,23,,,,
2024-05-25T09:45:48+00:00,273,27.05442,9.38583,23.55556,,,,
2024-05-25T09:46:03+00:00,274,27.00987,9.34762,19.2,,,,
2024-05-25T09:46:21+00:00,275,26.97361,9.38436,18.46667,,,,
2024-05-25T09:46:37+00:00,276,26.95608,9.4075,20.26667,,,,
2024-05-25T09:46:53+00:00,277,26.9437,9.4055,20.2,,,,
2024-05-25T09:47:09+00:00,278,26.86369,9.41017,18.75556,,,,
2024-05-25T09:47:25+00:00,279,26.86282,9.40433,26.8,,,,
2024-05-25T09:47:42+00:00,280,26.86456,9.40545,17.6,,,,
2024-05-25T09:48:00+00:00,281,26.80435,9.37655,22.26667,,,,
2024-05-25T09:48:16+00:00,282,26.82172,9.3405,21.13333,,,,
2024-05-25T09:48:32+00:00,283,26.74412,9.32077,21.33333,,,,
2024-05-25T09:48:50+00:00,284,26.74804,9.27836,16.4,,,,
2024-05-25T09:49:06+00:00,285,26.56696,9.26273,22.6,,,,
2024-05-25T09:49:22+00:00,286,26.62067,9.28403,29.93333,,,,
2024-05-25T09:49:38+00:00,287,26.53045,9.25064,18.2,,,,
2024-05-25T09:49:55+00:00,288,26.49777,9.12903,24.06667,,,,
2024-05-25T09:50:13+00:00,289,26.4235,9.04863,22,,,,
2024-05-25T09:50:30+00:00,290,26.35515,9.06761,28.66667,,,,
2024-05-25T09:50:46+00:00,291,26.308,9.07907,15.53333,,,,
2024-05-25T09:51:02+00:00,292,26.37973,9.01162,20.86667,,,,
2024-05-25T09:51:18+00:00,293,26.23122,8.96859,18.26667,,,,
2024-05-25T09:51:34+00:00,294,26.22881,8.95766,22.93333,,,,
2024-05-25T09:51:51+00:00,295,26.24476,8.97393,14.4,,,,
2024-05-25T09:52:07+00:00,296,26.23694,8.97561,15.53333,,,,
2024-05-25T09:52:23+00:00,297,26.08532,8.91086,18.84444,,,,
2024-05-25T09:52:39+00:00,298,26.11568,8.88253,20.86667,,,,
2024-05-25T09:52:56+00:00,299,26.0674,8.8531,22.33333,,,,
2024-05-25T09:53:12+00:00,300,26.01561,8.84826,19.06667,,,,
2024-05-25T09:53:28+00:00,301,26.04319,8.87267,23.53333,,,,
2024-05-25T09:53:44+00:00,302,25.96198,8.91868,19.53333,,,,
2024-05-25T09:54:02+00:00,303,25.91704,8.88761,23.68889,,,,
2024-05-25T09:54:19+00:00,304,25.83637,8.82501,23.6,,,,
2024-05-25T09:54:36+00:00,305,25.92069,8.75122,18.13333,,,,
2024-05-25T09:54:52+00:00,306,25.82952,8.7149,31.66667,,,,
2024-05-25T09:55:08+00:00,307,25.77735,8.72346,19.46667,,,,
2024-05-25T09:55:25+00:00,308,25.69352,8.75345,21.2,,,,
2024-05-25T09:55:41+00:00,309,25.6973,8.76578,20.93333,,,,
2024-05-25T09:55:57+00:00,310,25.67811,8.75674,21.6,,,,
2024-05-25T09:56:13+00:00,311,25.63695,8.72001,20.66667,,,,
2024-05-25T09:56:29+00:00,312,25.56989,8.683,17.13333,,,,
2024-05-25T09:56:45+00:00,313,25.62068,8.68686,19.46667,,,,
2024-05-25T09:57:01+00:00,314,25.49466,8.69935,21.73333,,,,
2024-05-25T09:57:17+00:00,315,25.57767,8.6214,23,,,,
2024-05-25T09:57:33+00:00,316,25.39353,8.54257,22.6,,,,
2024-05-25T09:57:50+00:00,317,25.34594,8.515,15.2,,,,
2024-05-25T09:58:06+00:00,318,25.35095,8.48609,23,,,,
2024-05-25T09:58:23+00:00,319,25.3322,8.55009,18,,,,
2024-05-25T09:58:40+00:00,320,25.22319,8.58208,14.8,,,,
2024-05-25T09:58:56+00:00,321,25.28638,8.54854,26.2,,,,
2024-05-25T09:59:12+00:00,322,25.18083,8.49195,23.93333,,,,
2024-05-25T09:59:28+00:00,323,25.14529,8.43779,18.33333,,,,
2024-05-25T09:59:44+00:00,324,25.09947,8.40941,21.4,,,,
2024-05-25T10:00:03+00:00,325,25.02867,8.41072,21.06667,,,,
2024-05-25T10:00:20+00:00,326,25.09313,8.36374,17.33333,,,,
2024-05-25T10:00:36+00:00,327,24.9593,8.29297,22.86667,,,,
2024-05-25T10:00:53+00:00,328,24.86143,8.23864,17.4,,,,
2024-05-25T10:01:09+00:00,329,24.94588,8.25544,20.93333,,,,
2024-05-25T10:01:25+00:00,330,24.82605,8.2422,21.33333,,,,
2024-05-25T10:01:41+00:00,331,24.67499,8.23323,19.8,,,,
2024-05-25T10:01:58+00:00,332,24.77426,8.27248,21.93333,,,,
2024-05-25T10:02:14+00:00,333,24.70592,8.25063,24.46667,,,,
2024-05-25T10:02:31+00:00,334,24.65587,8.17049,23.13333,,,,
2024-05-25T10:02:48+00:00,335,24.63141,8.08842,18.97778,,,,
2024-05-25T10:03:04+00:00,336,24.63066,8.04681,20.33333,,,,
2024-05-25T10:03:21+00:00,337,24.55585,7.97996,20.53333,,,,
2024-05-25T10:03:38+00:00,338,24.52244,7.97526,15.33333,,,,
2024-05-25T10:03:54+00:00,339,24.47654,7.96192,21.33333,,,,
2024-05-25T10:04:10+00:00,340,24.36384,7.93631,17.53333,,,,
2024-05-25T10:04:26+00:00,341,24.42939,7.99771,25.93333,,,,
2024-05-25T10:04:43+00:00,342,24.42066,8.00991,19.6,,,,
2024-05-25T10:05:00+00:00,343,24.27342,8.00599,17.26667,,,,
2024-05-25T10:05:16+00:00,344,24.27331,7.95432,19.53333,,,,
2024-05-25T10:05:32+00:00,345,24.2987,7.89585,19.33333,,,,
2024-05-25T10:05:48+00:00,346,24.20948,7.83937,20.06667,,,,
2024-05-25T10:06:04+00:00,347,24.14806,7.82331,21.26667,,,,
2024-05-25T10:06:21+00:00,348,24.11868,7.78404,20.93333,,,,
2024-05-25T10:06:37+00:00,349,24.10044,7.83186,17.53333,,,,
2024-05-25T10:06:54+00:00,350,24.06261,7.83392,17.46667,,,,
2024-05-25T10:07:10+00:00,351,24.04754,7.78765,23.13333,,,,
2024-05-25T10:07:27+00:00,352,24.02721,7.72467,16.97778,,,,
2024-05-25T10:07:44+00:00,353,23.96086,7.71887,29.6,,,,
2024-05-25T10:08:00+00:00,354,23.98705,7.69595,18.53333,,,,
2024-05-25T10:08:18+00:00,355,23.95584,7.66258,16.4381,,,,
2024-05-25T10:08:34+00:00,356,23.87739,7.6581,31.33333,,,,
2024-05-25T10:08:50+00:00,357,23.8685,7.70122,18.2,,,,
2024-05-25T10:09:06+00:00,358,23.76381,7.77716,19.93333,,,,
2024-05-25T10:09:22+00:00,359,23.8827,7.77119,19.33333,,,,
2024-05-25T10:09:38+00:00,360,23.7484,7.72883,19.93333,,,,
2024-05-25T10:09:55+00:00,361,23.68311,7.73022,19.06667,,,,
2024-05-25T10:10:11+00:00,362,23.70823,7.72206,17.2,,,,
2024-05-25T10:10:27+00:00,363,23.71548,7.69235,23.2,,,,
2024-05-25T10:10:44+00:00,364,23.6052,7.63823,22.6,,,,
2024-05-25T10:11:00+00:00,365,23.58994,7.61311,16,,,,
2024-05-25T10:11:16+00:00,366,23.54614,7.53922,15.6,,,,
2024-05-25T10:11:32+00:00,367,23.51893,7.50203,16.26667,,,,
2024-05-25T10:11:47+00:00,368,23.50964,7.49818,19.33333,,,,
2024-05-25T10:12:04+00:00,369,23.45138,7.45783,18.26667,,,,
2024-05-25T10:12:20+00:00,370,23.37614,7.42726,16.66667,,,,
2024-05-25T10:12:36+00:00,371,23.38626,7.44922,21.26667,,,,
2024-05-25T10:12:52+00:00,372,23.33168,7.44006,23.86667,,,,
2024-05-25T10:13:08+00:00,373,23.34407,7.39625,21.2,,,,
2024-05-25T10:13:24+00:00,374,23.27923,7.36343,26.8,,,,
2024-05-25T10:13:40+00:00,375,23.13784,7.34879,18.46667,,,,
2024-05-25T10:13:56+00:00,376,23.12941,7.3315,20.66667,,,,
2024-05-25T10:14:13+00:00,377,23.09936,7.34806,21.06667,,,,
2024-05-25T10:14:29+00:00,378,23.174,7.38508,22.26667,,,,
2024-05-25T10:14:45+00:00,379,23.16158,7.36784,18.13333,,,,
2024-05-25T10:15:01+00:00,380,23.02826,7.36266,15.26667,,,,
2024-05-25T10:15:18+00:00,381,22.96199,7.34079,25.46667,,,,
2024-05-25T10:15:34+00:00,382,23.0154,7.19593,18.93333,,,,
2024-05-25T10:15:50+00:00,383,22.79169,7.18237,24.26667,,,,
2024-05-25T10:16:06+00:00,384,22.96093,7.21724,15.2,,,,
2024-05-25T10:16:23+00:00,385,22.77844,7.21884,15.4,,,,
2024-05-25T10:16:39+00:00,386,22.84529,7.20589,13.46667,,,,
2024-05-25T10:16:56+00:00,387,22.72957,7.11181,14.9,,,,
2024-05-25T10:17:13+00:00,388,22.66253,7.03501,16.26667,,,,
2024-05-25T10:17:29+00:00,389,22.6575,7.02225,16.66667,,,,
2024-05-25T10:17:45+00:00,390,22.67338,7.0743,20.86667,,,,
2024-05-25T10:18:01+00:00,391,22.58692,7.0908,19,,,,
2024-05-25T10:18:18+00:00,392,22.59512,7.11947,17.73333,,,,
2024-05-25T10:18:35+00:00,393,22.50434,6.97246,15.51111,,,,
2024-05-25T10:19:29+00:00,394,22.47064,6.96287,15.34,,,,
2024-05-25T10:19:46+00:00,395,22.48661,6.89498,26.13333,,,,
2024-05-25T10:20:01+00:00,396,22.32177,6.90024,22.4,,,,
2024-05-25T10:20:18+00:00,397,22.37442,6.95651,24.06667,,,,
2024-05-25T10:20:35+00:00,398,22.32809,6.96843,28.06667,,,,
2024-05-25T10:20:51+00:00,399,22.30176,6.95468,31.4,,,,
2024-05-25T10:21:07+00:00,400,22.16749,6.93111,18.8,,,,
2024-05-25T10:21:23+00:00,401,22.17039,6.90288,25.33333,,,,
2024-05-25T10:21:39+00:00,402,22.17232,6.89982,20.06667,,,,
2024-05-25T10:21:55+00:00,403,22.09318,6.92473,24.2,,,,
2024-05-25T10:22:12+00:00,404,22.05285,6.88658,26,,,,
2024-05-25T10:22:28+00:00,405,22.15039,6.85422,18.86667,,,,
2024-05-25T10:22:44+00:00,406,22.02887,6.92776,17.46667,,,,
2024-05-25T10:23:00+00:00,407,22.0466,6.86708,16.35555,,,,
2024-05-25T10:23:16+00:00,408,21.9921,6.82433,17.26667,,,,
2024-05-25T10:23:34+00:00,409,21.93694,6.82933,18.84444,,,,
2024-05-25T10:23:50+00:00,410,21.87226,6.80743,17.33333,,,,
2024-05-25T10:24:07+00:00,411,21.84695,6.80184,16.62222,,,,
2024-05-25T10:24:22+00:00,412,21.82937,6.76378,15.02222,,,,
2024-05-25T10:24:38+00:00,413,21.90248,6.76167,19.33333,,,,
2024-05-25T10:24:54+00:00,414,21.7855,6.78519,16.93333,,,,
2024-05-25T10:25:10+00:00,415,21.67797,6.77638,18.26667,,,,
2024-05-25T10:25:26+00:00,416,21.68248,6.70916,21.46667,,,,
2024-05-25T10:25:42+00:00,417,21.63056,6.65895,19.4,,,,
2024-05-25T10:25:59+00:00,418,21.73719,6.68762,21.66667,,,,
2024-05-25T10:26:15+00:00,419,21.53428,6.71862,20,,,,
2024-05-25T10:26:32+00:00,420,21.55055,6.66112,22.66667,,,,
2024-05-25T10:26:48+00:00,421,21.59298,6.62681,17.2,,,,
2024-05-25T10:27:05+00:00,422,21.46527,6.6134,20.46667,,,,
2024-05-25T10:27:20+00:00,423,21.46187,6.61176,13.06667,,,,
2024-05-25T10:27:38+00:00,424,21.43459,6.56394,16.46667,,,,
2024-05-25T10:27:54+00:00,425,21.38256,6.50309,22.66667,,,,
2024-05-25T10:28:10+00:00,426,21.35241,6.53568,11.77778,,,,
2024-05-25T10:28:26+00:00,427,21.35872,6.57283,18.53333,,,,
2024-05-25T10:28:42+00:00,428,21.34411,6.57149,19.2,,,,
2024-05-25T10:28:58+00:00,429,21.29104,6.5278,26.2,,,,
2024-05-25T10:29:14+00:00,430,21.2594,6.51018,17.66667,,,,
2024-05-25T10:29:31+00:00,431,21.1754,6.46929,18.26667,,,,
2024-05-25T10:29:47+00:00,432,21.0956,6.42101,18.8,,,,
2024-05-25T10:30:03+00:00,433,21.1105,6.37998,26.73333,,,,
2024-05-25T10:30:19+00:00,434,21.05441,6.41061,25.4,,,,
2024-05-25T10:30:35+00:00,435,20.97926,6.38171,17.46667,,,,
2024-05-25T10:30:51+00:00,436,21.00518,6.31346,20.46667,,,,
2024-05-25T10:31:08+00:00,437,20.95402,6.28892,19.8,,,,
2024-05-25T10:31:24+00:00,438,21.04088,6.30436,27.06667,,,,
2024-05-25T10:31:40+00:00,439,20.93982,6.25129,16.13333,,,,
2024-05-25T10:31:56+00:00,440,20.90534,6.23663,20.73333,,,,
2024-05-25T10:32:13+00:00,441,20.83496,6.22197,16.2,,,,
2024-05-25T10:32:30+00:00,442,20.89703,6.24771,20.53333,,,,
2024-05-25T10:32:47+00:00,443,20.84046,6.28348,17.13333,,,,
2024-05-25T10:33:03+00:00,444,21.26771,6.32397,16.06667,,,,
2024-05-25T10:33:20+00:00,445,21.49773,6.41133,13.23333,,,,
2024-05-25T10:33:37+00:00,446,21.73522,6.5115,21.2,,,,
2024-05-25T10:33:53+00:00,447,22.07134,6.67217,25.46667,,,,
2024-05-25T10:34:09+00:00,448,22.31955,6.78839,18.86667,,,,
2024-05-25T10:34:26+00:00,449,22.72857,6.99649,26.93333,,,,
2024-05-25T10:34:42+00:00,450,22.98386,7.16335,29.86667,,,,
2024-05-25T10:34:58+00:00,451,23.2587,7.35199,14.2,,,,
2024-05-25T10:35:14+00:00,452,23.61783,7.51576,21.86667,,,,
2024-05-25T10:35:30+00:00,453,23.88935,7.69384,21.73333,,,,
2024-05-25T10:35:46+00:00,454,24.21265,7.8546,28.73333,,,,
2024-05-25T10:36:02+00:00,455,24.46096,8.02168,25.66667,,,,
2024-05-25T10:36:18+00:00,456,24.67276,8.1634,20.73333,,,,
2024-05-25T10:36:34+00:00,457,25.02005,8.32421,21.4,,,,
2024-05-25T10:36:50+00:00,458,25.24122,8.46478,18.4,,,,
2024-05-25T10:37:05+00:00,459,25.49734,8.5973,20.8,,,,
2024-05-25T10:37:21+00:00,460,25.68065,8.73372,21.26667,,,,
2024-05-25T10:37:37+00:00,461,25.93427,8.87086,19,,,,
2024-05-25T10:37:55+00:00,462,26.24511,9.03518,23.2,,,,
2024-05-25T10:38:11+00:00,463,26.47394,9.22791,20.4,,,,
2024-05-25T10:38:27+00:00,464,26.7049,9.35379,19.2,,,,
2024-05-25T10:38:44+00:00,465,27.01235,9.49826,16.57778,,,,
2024-05-25T10:39:01+00:00,466,27.30576,9.66081,19.53333,,,,
2024-05-25T10:39:17+00:00,467,27.59034,9.81468,28.66667,,,,
2024-05-25T10:39:33+00:00,468,27.81417,9.99673,27.8,,,,
2024-05-25T10:39:49+00:00,469,28.10956,10.12207,21.4,,,,
2024-05-25T10:40:05+00:00,470,28.36112,10.29991,26.66667,,,,
2024-05-25T10:40:21+00:00,471,28.59666,10.41672,26.53333,,,,
2024-05-25T10:40:37+00:00,472,28.82039,10.54891,24.06667,,,,
2024-05-25T10:40:53+00:00,473,29.08674,10.64224,22,,,,
2024-05-25T10:41:09+00:00,474,29.33216,10.80366,20.2,,,,
2024-05-25T10:41:26+00:00,475,29.64978,11.02309,20.75556,,,,
2024-05-25T10:41:42+00:00,476,29.85621,11.10826,21.73333,,,,
2024-05-25T10:42:00+00:00,477,30.22441,11.27649,18.53333,,,,
2024-05-25T10:42:20+00:00,478,30.52394,11.49977,17.14286,,,,
2024-05-25T10:42:36+00:00,479,30.75482,11.66482,20.86667,,,,
2024-05-25T10:42:53+00:00,480,31.0194,11.88307,21.2,,,,
2024-05-25T10:43:09+00:00,481,31.27892,11.96877,28.46667,,,,
2024-05-25T10:43:25+00:00,482,31.56077,12.11828,22.33333,,,,
2024-05-25T10:43:41+00:00,483,31.82688,12.24563,19.66667,,,,
2024-05-25T10:43:57+00:00,484,32.14113,12.42138,19.33333,,,,
2024-05-25T10:44:15+00:00,485,32.42229,12.52903,17.55556,,,,
2024-05-25T10:44:31+00:00,486,32.72665,12.69173,23.86667,,,,
2024-05-25T10:44:47+00:00,487,32.92538,12.85217,23.66667,,,,
2024-05-25T10:45:03+00:00,488,33.18081,13.00615,28.33333,,,,
2024-05-25T10:45:19+00:00,489,33.40843,13.15229,22.86667,,,,
2024-05-25T10:45:36+00:00,490,33.6721,13.35956,25,,,,
2024-05-25T10:45:52+00:00,491,34.03116,13.5179,21.8,,,,
2024-05-25T10:46:09+00:00,492,34.23484,13.73353,22.46667,,,,
2024-05-25T10:46:26+00:00,493,34.55733,13.94911,25.53333,,,,
2024-05-25T10:46:42+00:00,494,34.82575,14.17044,24.86667,,,,
2024-05-25T10:46:59+00:00,495,35.11767,14.32919,23.13333,,,,
2024-05-25T10:47:16+00:00,496,35.46553,14.55861,21.73333,,,,
2024-05-25T10:47:33+00:00,497,35.77602,14.77473,26.93333,,,,
2024-05-25T10:47:50+00:00,498,35.76993,14.85132,18.53333,,,,
2024-05-25T10:48:07+00:00,499,35.71905,14.84203,22.86667,,,,
2024-05-25T10:48:24+00:00,500,35.68407,14.84455,24.4,,,,
2024-05-25T10:48:40+00:00,501,35.66753,14.83664,21.8,,,,
2024-05-25T10:48:56+00:00,502,35.68723,14.81492,18.97778,,,,
2024-05-25T10:49:13+00:00,503,35.61762,14.84717,24.46667,,,,
2024-05-25T10:49:29+00:00,504,35.59419,14.80398,29.53333,,,,
2024-05-25T10:49:45+00:00,505,35.5583,14.8257,26.13333,,,,
2024-05-25T10:50:01+00:00,506,35.63284,14.83069,25.73333,,,,
2024-05-25T10:50:17+00:00,507,35.52948,14.8566,26.46667,,,,
2024-05-25T10:50:33+00:00,508,35.55536,14.82469,23.8,,,,
2024-05-25T10:50:49+00:00,509,35.51982,14.82148,22.8,,,,
2024-05-25T10:51:05+00:00,510,35.49851,14.79653,19.2,,,,
2024-05-25T10:51:21+00:00,511,35.42496,14.76821,23.2,,,,
2024-05-25T10:51:38+00:00,512,35.37635,14.8158,28.4,,,,
2024-05-25T10:51:54+00:00,513,35.35803,14.81528,27.2,,,,
2024-05-25T10:52:10+00:00,514,35.41777,14.78742,20.26667,,,,
2024-05-25T10:52:26+00:00,515,35.33945,14.74921,23.93333,,,,
2024-05-25T10:52:42+00:00,516,35.28806,14.75347,31.66667,,,,
2024-05-25T10:52:58+00:00,517,35.27768,14.75689,29.33333,,,,
2024-05-25T10:53:14+00:00,518,35.12528,14.679,22.06667,,,,
2024-05-25T10:53:30+00:00,519,35.07819,14.64526,27.2,,,,
2024-05-25T10:53:47+00:00,520,35.1156,14.63413,20.73333,,,,
2024-05-25T10:54:02+00:00,521,35.04682,14.63305,25.26667,,,,
2024-05-25T10:54:18+00:00,522,35.07919,14.67592,29.46667,,,,
2024-05-25T10:54:36+00:00,523,35.02987,14.66692,26.06667,,,,
2024-05-25T10:54:53+00:00,524,34.98777,14.60761,17.55556,,,,
2024-05-25T10:55:09+00:00,525,34.97211,14.61285,21.06667,,,,
2024-05-25T10:55:25+00:00,526,34.90729,14.5719,21.6,,,,
2024-05-25T10:55:41+00:00,527,34.89701,14.54911,22.6,,,,
2024-05-25T10:55:57+00:00,528,34.78659,14.51207,24.2,,,,
2024-05-25T10:56:15+00:00,529,34.78081,14.52437,21.86667,,,,
2024-05-25T10:56:31+00:00,530,34.74098,14.48713,29.06667,,,,
2024-05-25T10:56:47+00:00,531,34.68359,14.4786,18.53333,,,,
2024-05-25T10:57:03+00:00,532,34.52951,14.39496,21.73333,,,,
2024-05-25T10:57:20+00:00,533,34.47174,14.39735,26.4,,,,
2024-05-25T10:57:36+00:00,534,34.54655,14.35025,23.8,,,,
2024-05-25T10:57:53+00:00,535,34.49107,14.33248,23.2,,,,
2024-05-25T10:58:09+00:00,536,34.43669,14.31306,21.86667,,,,
2024-05-25T10:58:25+00:00,537,34.31187,14.23961,26.73333,,,,
2024-05-25T10:58:42+00:00,538,34.32742,14.22749,22.73333,,,,
2024-05-25T10:58:58+00:00,539,34.38407,14.2787,21.4,,,,
2024-05-25T10:59:14+00:00,540,34.26997,14.26564,22.86667,,,,
2024-05-25T10:59:30+00:00,541,34.26105,14.21801,24.86667,,,,
2024-05-25T10:59:46+00:00,542,34.23352,14.1998,16.8,,,,
2024-05-25T11:00:03+00:00,543,34.16849,14.16403,20.6,,,,
2024-05-25T11:00:19+00:00,544,34.06046,14.09806,23.06667,,,,
2024-05-25T11:00:35+00:00,545,34.00624,14.06824,23.13333,,,,
2024-05-25T11:00:51+00:00,546,34.01171,14.05853,23.33333,,,,
2024-05-25T11:01:07+00:00,547,33.99607,14.10814,23.93333,,,,
2024-05-25T11:01:23+00:00,548,34.05428,14.07366,26.26667,,,,
2024-05-25T11:01:39+00:00,549,33.9872,14.07547,22.8,,,,
2024-05-25T11:01:56+00:00,550,33.90361,14.07315,25.2,,,,
2024-05-25T11:02:12+00:00,551,33.96686,14.08054,22.13333,,,,
2024-05-25T11:02:28+00:00,552,33.92816,14.0622,23.8,,,,
2024-05-25T11:02:44+00:00,553,33.86819,14.04064,29.06667,,,,
2024-05-25T11:03:02+00:00,554,33.83096,14.02531,21.6,,,,
2024-05-25T11:03:17+00:00,555,33.73812,13.97866,22.46667,,,,
2024-05-25T11:03:34+00:00,556,33.54137,13.9211,24,,,,
2024-05-25T11:03:50+00:00,557,33.55551,13.87313,22,,,,
2024-05-25T11:04:06+00:00,558,33.60077,13.86821,22.06667,,,,
2024-05-25T11:04:22+00:00,559,33.5871,13.85349,26.93333,,,,
2024-05-25T11:04:38+00:00,560,33.57512,13.88242,23.06667,,,,
2024-05-25T11:04:54+00:00,561,33.47735,13.83351,19.8,,,,
2024-05-25T11:05:10+00:00,562,33.48285,13.82293,25.73333,,,,
2024-05-25T11:05:27+00:00,563,33.33663,13.76962,23.66667,,,,
2024-05-25T11:05:43+00:00,564,33.3392,13.75121,22.13333,,,,
2024-05-25T11:05:59+00:00,565,33.25167,13.69975,19.82222,,,,
2024-05-25T11:06:16+00:00,566,33.18431,13.6645,24.13333,,,,
2024-05-25T11:06:33+00:00,567,33.14048,13.60933,22.73333,,,,
2024-05-25T11:06:50+00:00,568,33.00091,13.53718,20.53333,,,,
2024-05-25T11:07:07+00:00,569,33.02258,13.55413,22.06667,,,,
2024-05-25T11:07:23+00:00,570,33.10255,13.59068,24.2,,,,
2024-05-25T11:07:41+00:00,571,33.03225,13.57146,25.66667,,,,
2024-05-25T11:07:58+00:00,572,32.95288,13.46914,23.4,,,,
2024-05-25T11:08:14+00:00,573,32.94934,13.46011,20.73333,,,,
2024-05-25T11:08:30+00:00,574,32.86843,13.4569,22.8,,,,
2024-05-25T11:08:46+00:00,575,32.79678,13.42844,26.73333,,,,
2024-05-25T11:09:02+00:00,576,32.75779,13.4499,28.06667,,,,
2024-05-25T11:09:19+00:00,577,32.74106,13.40361,32,,,,
2024-05-25T11:09:34+00:00,578,32.77256,13.41199,21.11111,,,,
2024-05-25T11:09:50+00:00,579,32.72316,13.41391,25.33333,,,,
2024-05-25T11:10:06+00:00,580,32.70521,13.39539,26.66667,,,,
2024-05-25T11:10:22+00:00,581,32.67422,13.33309,20,,,,
2024-05-25T11:10:39+00:00,582,32.53221,13.29295,21.8,,,,
2024-05-25T11:10:55+00:00,583,32.47652,13.26013,35.4,,,,
2024-05-25T11:11:11+00:00,584,32.49348,13.24951,31.06667,,,,
2024-05-25T11:11:27+00:00,585,32.33417,13.20169,26.2,,,,
2024-05-25T11:11:43+00:00,586,32.40938,13.20434,26,,,,
2024-05-25T11:12:00+00:00,587,32.2886,13.16701,19.55556,,,,
2024-05-25T11:12:16+00:00,588,32.35644,13.18356,22.26667,,,,
2024-05-25T11:12:32+00:00,589,32.31583,13.1873,24.6,,,,
2024-05-25T11:12:49+00:00,590,32.34045,13.1861,24.73333,,,,
2024-05-25T11:13:05+00:00,591,32.184,13.18884,18.53333,,,,
2024-05-25T11:13:21+00:00,592,32.0712,13.12747,26.33333,,,,
2024-05-25T11:13:37+00:00,593,32.09126,13.06723,24,,,,
2024-05-25T11:13:53+00:00,594,32.11391,13.0698,26.33333,,,,
2024-05-25T11:14:09+00:00,595,32.05687,13.06256,24.13333,,,,
2024-05-25T11:14:26+00:00,596,32.00354,13.00226,17.6,,,,
2024-05-25T11:14:43+00:00,597,31.9616,13.00916,23.6,,,,
2024-05-25T11:14:59+00:00,598,32.02185,12.9618,26.26667,,,,
2024-05-25T11:15:16+00:00,599,31.90112,12.8865,22.8,,,,
2024-05-25T11:15:32+00:00,600,31.77181,12.82014,23.2,,,,
2024-05-25T11:15:48+00:00,601,31.73055,12.80138,20.66667,,,,
2024-05-25T11:16:04+00:00,602,31.63874,12.78218,25.06667,,,,
2024-05-25T11:16:21+00:00,603,31.79028,12.79434,25.4,,,,
2024-05-25T11:16:37+00:00,604,31.60556,12.75645,22.13333,,,,
2024-05-25T11:16:53+00:00,605,31.57181,12.74136,22.33333,,,,
2024-05-25T11:17:09+00:00,606,31.54477,12.69862,26.93333,,,,
2024-05-25T11:17:25+00:00,607,31.46268,12.65991,25.2,,,,
2024-05-25T11:17:41+00:00,608,31.50773,12.61145,27.4,,,,
2024-05-25T11:17:57+00:00,609,31.29613,12.16928,25,,,,
2024-05-25T11:18:14+00:00,610,31.39224,12.10673,28.6,,,,
2024-05-25T11:18:30+00:00,611,31.29096,12.12922,25.26667,,,,
2024-05-25T11:18:47+00:00,612,31.27833,12.11491,23.6,,,,
2024-05-25T11:19:02+00:00,613,31.11609,12.10939,22.4,,,,
2024-05-25T11:19:20+00:00,614,31.09231,12.11004,21.6,,,,
2024-05-25T11:19:39+00:00,615,31.05964,12.041,22.35556,,,,
2024-05-25T11:19:55+00:00,616,31.03557,12.03875,21.66667,,,,
2024-05-25T11:20:11+00:00,617,30.95668,12.0465,24,,,,
2024-05-25T11:20:27+00:00,618,30.83008,11.99475,22.93333,,,,
2024-05-25T11:20:43+00:00,619,30.8458,11.96698,34.6,,,,
2024-05-25T11:20:59+00:00,620,30.75248,11.90532,29.4,,,,
2024-05-25T11:21:15+00:00,621,30.72416,11.89763,25.8,,,,
2024-05-25T11:21:32+00:00,622,30.72744,11.89852,26.93333,,,,
2024-05-25T11:21:48+00:00,623,30.66929,11.87587,28.13333,,,,
2024-05-25T11:22:03+00:00,624,30.69264,11.88319,21.13333,,,,
2024-05-25T11:22:21+00:00,625,30.69676,11.87986,19.8,,,,
2024-05-25T11:22:37+00:00,626,30.57003,11.86162,24.26667,,,,
2024-05-25T11:22:53+00:00,627,30.52369,11.84322,28.13333,,,,
2024-05-25T11:23:09+00:00,628,30.46435,11.77827,24,,,,
2024-05-25T11:23:25+00:00,629,30.3846,11.71141,25,,,,
2024-05-25T11:23:41+00:00,630,30.33539,11.70757,30.86667,,,,
2024-05-25T11:23:58+00:00,631,30.31213,11.68871,25.8,,,,
2024-05-25T11:24:14+00:00,632,30.19037,11.60116,30.73333,,,,
2024-05-25T11:24:31+00:00,633,30.21852,11.54393,24.13333,,,,
2024-05-25T11:24:47+00:00,634,30.16929,11.52778,24.86667,,,,
2024-05-25T11:25:04+00:00,635,30.15389,11.52504,25.8,,,,
2024-05-25T11:25:20+00:00,636,30.01744,11.52995,24.26667,,,,
2024-05-25T11:25:41+00:00,637,30.09135,11.49297,19.08571,,,,
2024-05-25T11:25:57+00:00,638,30.10926,11.55773,23.06667,,,,
2024-05-25T11:26:13+00:00,639,30.02358,11.55632,26.93333,,,,
2024-05-25T11:26:29+00:00,640,29.97486,11.54821,26.26667,,,,
2024-05-25T11:26:44+00:00,641,29.97885,11.50611,27.06667,,,,
2024-05-25T11:27:00+00:00,642,29.89906,11.46676,20.26667,,,,
2024-05-25T11:27:16+00:00,643,29.82185,11.44079,28.33333,,,,
2024-05-25T11:27:32+00:00,644,29.80705,11.41538,21.93333,,,,
2024-05-25T11:27:48+00:00,645,29.74287,11.37464,23.66667,,,,
2024-05-25T11:28:04+00:00,646,29.65145,11.362,27.33333,,,,
2024-05-25T11:28:20+00:00,647,29.66042,11.37718,25.6,,,,
2024-05-25T11:28:36+00:00,648,29.64506,11.3472,24.46667,,,,
2024-05-25T11:28:53+00:00,649,29.55993,11.32578,31.46667,,,,
2024-05-25T11:29:13+00:00,650,29.47526,11.29963,18.28572,,,,
2024-05-25T11:29:29+00:00,651,29.47262,11.27295,25.86666,,,,
2024-05-25T11:29:46+00:00,652,29.44595,11.26338,24.2,,,,
2024-05-25T11:30:03+00:00,653,29.38258,11.19377,21.73333,,,,
2024-05-25T11:30:19+00:00,654,29.32086,11.17744,28.33333,,,,
2024-05-25T11:30:37+00:00,655,29.32275,11.17442,25,,,,
2024-05-25T11:30:54+00:00,656,29.35108,11.15768,24.66667,,,,
2024-05-25T11:31:10+00:00,657,29.27792,11.17231,22.53333,,,,
2024-05-25T11:31:27+00:00,658,29.26866,11.13733,20.86667,,,,
2024-05-25T11:31:44+00:00,659,29.25033,11.11218,24,,,,
2024-05-25T11:32:00+00:00,660,29.15207,11.06201,22.73333,,,,
2024-05-25T11:32:16+00:00,661,29.07486,11.03756,21.8,,,,
2024-05-25T11:32:33+00:00,662,29.11348,11.01294,24.53333,,,,
2024-05-25T11:32:51+00:00,663,29.1486,11.01787,23.93333,,,,
2024-05-25T11:33:07+00:00,664,28.97699,11.04801,26.53333,,,,
2024-05-25T11:33:23+00:00,665,28.92378,11.00131,22.66667,,,,
2024-05-25T11:33:40+00:00,666,29.02857,10.97972,20.17778,,,,
2024-05-25T11:33:56+00:00,667,28.83797,10.98749,16.04445,,,,
2024-05-25T11:34:13+00:00,668,28.91111,10.97066,20.31111,,,,
2024-05-25T11:34:29+00:00,669,28.79354,10.93589,22.46667,,,,
2024-05-25T11:34:45+00:00,670,28.72238,10.88215,23.2,,,,
2024-05-25T11:35:01+00:00,671,28.6571,10.8675,22.06667,,,,
2024-05-25T11:35:18+00:00,672,28.61212,10.85545,24.06667,,,,
2024-05-25T11:35:34+00:00,673,28.60907,10.84257,22.53333,,,,
2024-05-25T11:35:50+00:00,674,28.52834,10.78541,20.84445,,,,
2024-05-25T11:36:07+00:00,675,28.47376,10.74936,24.6,,,,
2024-05-25T11:36:23+00:00,676,28.44593,10.70173,29.8,,,,
2024-05-25T11:36:41+00:00,677,28.36852,10.70967,25.4,,,,
2024-05-25T11:36:57+00:00,678,28.31103,10.66726,24.66667,,,,
2024-05-25T11:37:13+00:00,679,28.39958,10.67809,24.26667,,,,
2024-05-25T11:37:29+00:00,680,28.39875,10.66226,26.33333,,,,
2024-05-25T11:37:45+00:00,681,28.31878,10.66678,23.93333,,,,
2024-05-25T11:38:01+00:00,682,28.24586,10.63962,23.93333,,,,
2024-05-25T11:38:19+00:00,683,28.18222,10.60788,23.02222,,,,
2024-05-25T11:38:36+00:00,684,28.15296,10.56387,20.31111,,,,
2024-05-25T11:38:52+00:00,685,28.05293,10.51006,21.33333,,,,
2024-05-25T11:39:09+00:00,686,27.95541,10.46257,17.95556,,,,
2024-05-25T11:39:26+00:00,687,27.91165,10.46905,17.15556,,,,
2024-05-25T11:39:43+00:00,688,27.96909,10.46168,19.42222,,,,
2024-05-25T11:39:58+00:00,689,27.98207,10.42657,20.06667,,,,
2024-05-25T11:40:15+00:00,690,27.8577,10.37596,21.13333,,,,
2024-05-25T11:40:32+00:00,691,27.93817,10.40429,22.93333,,,,
2024-05-25T11:40:47+00:00,692,27.88103,10.44028,23.28889,,,,
2024-05-25T11:41:03+00:00,693,27.81937,10.4062,21.8,,,,
2024-05-25T11:41:19+00:00,694,27.79783,10.34166,25.73333,,,,
2024-05-25T11:41:35+00:00,695,27.77334,10.29749,22.26667,,,,
2024-05-25T11:41:51+00:00,696,27.66746,10.32096,30,,,,
2024-05-25T11:42:09+00:00,697,27.68748,10.28111,16.16667,,,,
2024-05-25T11:42:25+00:00,698,27.6543,10.25305,25.86666,,,,
2024-05-25T11:42:42+00:00,699,27.63551,10.2358,22.46667,,,,
2024-05-25T11:42:58+00:00,700,27.46315,10.20354,17.73333,,,,
2024-05-25T11:43:15+00:00,701,27.40386,10.15966,21.93333,,,,
2024-05-25T11:43:31+00:00,702,27.36337,10.12785,23.6,,,,
2024-05-25T11:43:48+00:00,703,27.25928,10.08204,21,,,,
2024-05-25T11:44:04+00:00,704,27.2062,10.08175,22.13333,,,,
2024-05-25T11:44:21+00:00,705,27.26848,10.07216,21.8,,,,
2024-05-25T11:44:37+00:00,706,27.25734,10.09509,24.2,,,,
2024-05-25T11:44:53+00:00,707,27.19498,10.04636,22.4,,,,
2024-05-25T11:45:09+00:00,708,27.17001,10.03305,24.06667,,,,
2024-05-25T11:45:25+00:00,709,26.97464,9.92655,20.46667,,,,
2024-05-25T11:45:41+00:00,710,26.98103,9.91505,22.53333,,,,
2024-05-25T11:45:57+00:00,711,27.02933,9.90381,25.66667,,,,
2024-05-25T11:46:13+00:00,712,26.94253,9.88828,21.73333,,,,
2024-05-25T11:46:29+00:00,713,26.90546,9.86445,22.8,,,,
2024-05-25T11:46:45+00:00,714,26.90851,9.85211,20.6,,,,
2024-05-25T11:47:02+00:00,715,26.9084,9.81162,25.53333,,,,
2024-05-25T11:47:18+00:00,716,26.8954,9.80346,27.4,,,,
2024-05-25T11:47:36+00:00,717,26.847,9.78045,27.2,,,,
2024-05-25T11:47:53+00:00,718,26.82835,9.76702,24,,,,
2024-05-25T11:48:09+00:00,719,26.78246,9.72713,22,,,,
2024-05-25T11:48:25+00:00,720,26.68453,9.73159,22.53333,,,,
2024-05-25T11:48:41+00:00,721,26.64777,9.71137,24.73333,,,,
2024-05-25T11:48:58+00:00,722,26.68366,9.66626,23.93333,,,,
2024-05-25T11:49:16+00:00,723,26.6354,9.6675,30.73333,,,,
2024-05-25T11:49:32+00:00,724,26.57763,9.61419,21.73333,,,,
2024-05-25T11:49:49+00:00,725,26.45394,9.59162,23.93333,,,,
2024-05-25T11:50:05+00:00,726,26.45585,9.58083,27.26667,,,,
2024-05-25T11:50:21+00:00,727,26.3691,9.5375,24.06667,,,,
2024-05-25T11:50:37+00:00,728,26.26471,9.48137,22.66667,,,,
2024-05-25T11:50:56+00:00,729,26.2192,9.46698,33.26667,,,,
2024-05-25T11:51:12+00:00,730,26.20654,9.44202,23.06667,,,,
2024-05-25T11:51:29+00:00,731,26.20129,9.4393,17.77778,,,,
2024-05-25T11:51:46+00:00,732,26.13222,9.43124,22.6,,,,
2024-05-25T11:52:04+00:00,733,26.18224,9.42906,19.86667,,,,
2024-05-25T11:52:20+00:00,734,26.09929,9.39832,21.46667,,,,
2024-05-25T11:52:36+00:00,735,26.12473,9.36838,27.66667,,,,
2024-05-25T11:52:52+00:00,736,25.99126,9.332,24.2,,,,
2024-05-25T11:53:08+00:00,737,25.95187,9.32954,24.33333,,,,
2024-05-25T11:53:25+00:00,738,25.99277,9.35706,24.73333,,,,
2024-05-25T11:53:41+00:00,739,25.9388,9.32691,24.8,,,,
2024-05-25T11:53:57+00:00,740,25.89498,9.2945,24.53333,,,,
2024-05-25T11:54:13+00:00,741,25.85666,9.32329,26.93333,,,,
2024-05-25T11:54:29+00:00,742,25.83473,9.26291,22.93333,,,,
2024-05-25T11:54:46+00:00,743,25.75982,9.21428,25.13333,,,,
2024-05-25T11:55:02+00:00,744,25.64696,9.18083,27,,,,
2024-05-25T11:55:18+00:00,745,25.6264,9.13947,24.6,,,,
2024-05-25T11:55:35+00:00,746,25.70318,9.17835,28.53333,,,,
2024-05-25T11:55:51+00:00,747,25.68204,9.18478,27.53333,,,,
2024-05-25T11:56:07+00:00,748,25.70205,9.19226,26.53333,,,,
2024-05-25T11:56:23+00:00,749,25.69112,9.17423,25.46667,,,,
2024-05-25T11:56:41+00:00,750,25.66019,9.14312,22.2,,,,
2024-05-25T11:56:57+00:00,751,25.61221,9.12785,22.13333,,,,
2024-05-25T11:57:14+00:00,752,25.50081,9.11493,21.06667,,,,
2024-05-25T11:57:30+00:00,753,25.4797,9.12298,25.26667,,,,
2024-05-25T11:57:47+00:00,754,25.43151,9.06681,25.53333,,,,
2024-05-25T11:58:03+00:00,755,25.37492,9.06621,28.6,,,,
2024-05-25T11:58:19+00:00,756,25.31233,9.03561,22.26667,,,,
2024-05-25T11:58:35+00:00,757,25.34378,8.99372,18.46667,,,,
2024-05-25T11:58:52+00:00,758,25.16209,8.97753,24.66667,,,,
2024-05-25T11:59:08+00:00,759,25.10067,8.943,23.46667,,,,
2024-05-25T11:59:25+00:00,760,25.12457,8.91701,28.33333,,,,
2024-05-25T11:59:41+00:00,761,25.05797,8.89422,21.46667,,,,
2024-05-25T11:59:57+00:00,762,25.01813,8.88802,23.6,,,,
2024-05-25T12:00:13+00:00,763,24.95448,8.8337,23.93333,,,,
2024-05-25T12:00:30+00:00,764,24.92557,8.8017,22.88889,,,,
2024-05-25T12:00:46+00:00,765,24.89395,8.79499,24.17778,,,,
2024-05-25T12:01:03+00:00,766,24.97326,8.80003,20.53333,,,,
2024-05-25T12:01:19+00:00,767,24.89548,8.79966,27.53333,,,,
2024-05-25T12:01:35+00:00,768,24.8166,8.78555,20.73333,,,,
2024-05-25T12:01:52+00:00,769,24.85528,8.7387,24.6,,,,
2024-05-25T12:02:08+00:00,770,24.82839,8.77788,32.2,,,,
2024-05-25T12:02:25+00:00,771,24.84324,8.77026,24,,,,
2024-05-25T12:02:41+00:00,772,24.77286,8.72169,20.26667,,,,
2024-05-25T12:02:57+00:00,773,24.59624,8.703,35.26667,,,,
2024-05-25T12:03:14+00:00,774,24.6658,8.67422,28.33333,,,,
2024-05-25T12:03:30+00:00,775,24.59211,8.62224,28.6,,,,
2024-05-25T12:03:47+00:00,776,24.50966,8.59529,20.84445,,,,
2024-05-25T12:04:03+00:00,777,24.4104,8.58538,25.26667,,,,
2024-05-25T12:04:19+00:00,778,24.48221,8.60447,19.53333,,,,
2024-05-25T12:04:35+00:00,779,24.48396,8.59134,23.53333,,,,
2024-05-25T12:04:52+00:00,780,24.41492,8.56805,24,,,,
2024-05-25T12:05:08+00:00,781,24.26476,8.48695,22.93333,,,,
2024-05-25T12:05:25+00:00,782,24.22535,8.45294,21.73333,,,,
2024-05-25T12:05:41+00:00,783,24.15799,8.39638,21.33333,,,,
2024-05-25T12:05:57+00:00,784,24.18987,8.40557,23.8,,,,
2024-05-25T12:06:14+00:00,785,24.16649,8.40464,21.26667,,,,
2024-05-25T12:06:31+00:00,786,24.19705,8.40656,24.4,,,,
2024-05-25T12:06:47+00:00,787,24.07718,8.38018,25.6,,,,
2024-05-25T12:07:04+00:00,788,24.17475,8.39454,21.4,,,,
2024-05-25T12:07:20+00:00,789,24.11897,8.39499,20.6,,,,
2024-05-25T12:07:37+00:00,790,23.97609,8.33284,30.6,,,,
2024-05-25T12:07:53+00:00,791,23.95603,8.30364,30.46667,,,,
2024-05-25T12:08:10+00:00,792,23.82381,8.24244,26.8,,,,
2024-05-25T12:08:26+00:00,793,23.81543,8.26771,26.6,,,,
2024-05-25T12:08:42+00:00,794,23.84568,8.29158,18.6,,,,
2024-05-25T12:08:58+00:00,795,24.00313,8.28614,28.06667,,,,
2024-05-25T12:09:14+00:00,796,23.85352,8.30996,26.46667,,,,
2024-05-25T12:09:30+00:00,797,23.8048,8.29193,32.13333,,,,
2024-05-25T12:09:47+00:00,798,23.7282,8.2639,23.93333,,,,
2024-05-25T12:10:03+00:00,799,23.78365,8.23381,22.4,,,,
2024-05-25T12:10:19+00:00,800,23.6918,8.2289,21.06667,,,,
2024-05-25T12:10:36+00:00,801,23.70222,8.23528,20.66667,,,,
2024-05-25T12:10:52+00:00,802,23.59324,8.20075,28,,,,
2024-05-25T12:11:08+00:00,803,23.56083,8.14975,22.13333,,,,
2024-05-25T12:11:24+00:00,804,23.37943,8.06163,22.93333,,,,
2024-05-25T12:11:41+00:00,805,23.31661,8.0444,26.86667,,,,
2024-05-25T12:11:57+00:00,806,23.44437,8.01098,26.8,,,,
2024-05-25T12:12:14+00:00,807,23.31797,7.9925,22.4,,,,
2024-05-25T12:12:30+00:00,808,23.34312,7.98635,25.93333,,,,
2024-05-25T12:12:46+00:00,809,23.33808,7.97538,24.46667,,,,
2024-05-25T12:13:02+00:00,810,23.32772,7.99077,23.93333,,,,
2024-05-25T12:13:18+00:00,811,23.34379,7.96196,26.26667,,,,
2024-05-25T12:13:34+00:00,812,23.31682,7.95906,22.2,,,,
2024-05-25T12:13:51+00:00,813,23.22266,7.949,21.46667,,,,
2024-05-25T12:14:07+00:00,814,23.23682,7.91107,31.06667,,,,
2024-05-25T12:14:24+00:00,815,23.12332,7.86531,27,,,,
2024-05-25T12:14:41+00:00,816,23.03237,7.84337,22.73333,,,,
2024-05-25T12:14:56+00:00,817,23.10104,7.84055,20.06667,,,,
2024-05-25T12:15:13+00:00,818,22.99629,7.83015,28.33333,,,,
2024-05-25T12:15:30+00:00,819,22.99774,7.80026,19.13334,,,,
2024-05-25T12:15:47+00:00,820,22.92241,7.82054,21.46667,,,,
2024-05-25T12:16:03+00:00,821,22.92204,7.77252,18.06667,,,,
2024-05-25T12:16:20+00:00,822,22.89279,7.74559,20.26667,,,,
2024-05-25T12:16:36+00:00,823,22.78564,7.71599,28.66667,,,,
2024-05-25T12:16:52+00:00,824,22.7555,7.70701,28.06667,,,,
2024-05-25T12:17:08+00:00,825,22.70839,7.62659,25.26667,,,,
2024-05-25T12:17:24+00:00,826,22.68798,7.62843,21.86667,,,,
2024-05-25T12:17:41+00:00,827,22.67198,7.64274,26.66667,,,,
2024-05-25T12:17:57+00:00,828,22.55117,7.60957,17.46667,,,,
2024-05-25T12:18:14+00:00,829,22.52614,7.55343,26.46667,,,,
2024-05-25T12:18:29+00:00,830,22.51795,7.57704,21.66667,,,,
2024-05-25T12:18:45+00:00,831,22.5469,7.55576,31.4,,,,
2024-05-25T12:19:02+00:00,832,22.4279,7.55438,22.6,,,,
2024-05-25T12:19:19+00:00,833,22.40876,7.51029,24.86667,,,,
2024-05-25T12:19:35+00:00,834,22.34476,7.46538,26.66667,,,,
2024-05-25T12:19:53+00:00,835,22.31584,7.47895,22.46667,,,,
2024-05-25T12:20:09+00:00,836,22.36684,7.46951,22.26667,,,,
2024-05-25T12:20:25+00:00,837,22.3178,7.46905,20.2,,,,
2024-05-25T12:20:41+00:00,838,22.36662,7.46083,23.73333,,,,
2024-05-25T12:20:57+00:00,839,22.2781,7.44187,22.73333,,,,
2024-05-25T12:21:14+00:00,840,22.19482,7.39385,21.53333,,,,
2024-05-25T12:21:31+00:00,841,22.16039,7.38559,19.53333,,,,
2024-05-25T12:21:48+00:00,842,22.11153,7.3657,18.33333,,,,
2024-05-25T12:22:05+00:00,843,22.05301,7.33994,20.73333,,,,
2024-05-25T12:22:22+00:00,844,21.99375,7.3176,31.93333,,,,
2024-05-25T12:22:38+00:00,845,21.95085,7.3186,22.26667,,,,
2024-05-25T12:22:54+00:00,846,21.99131,7.28204,25.26667,,,,
2024-05-25T12:23:10+00:00,847,21.87041,7.26878,25.73333,,,,
2024-05-25T12:23:26+00:00,848,21.88391,7.23863,14.2,,,,
2024-05-25T12:23:42+00:00,849,21.80362,7.24545,27.6,,,,
2024-05-25T12:24:00+00:00,850,21.76305,7.16309,21.53333,,,,
2024-05-25T12:24:16+00:00,851,21.69932,7.16336,27,,,,
2024-05-25T12:24:32+00:00,852,21.64962,7.12167,24.73333,,,,
2024-05-25T12:24:48+00:00,853,21.56318,7.07907,29.73333,,,,
2024-05-25T12:25:04+00:00,854,21.52678,7.05792,17.73333,,,,
2024-05-25T12:25:20+00:00,855,21.57607,7.00773,20.8,,,,
2024-05-25T12:25:36+00:00,856,21.5527,7.00262,25.6,,,,
2024-05-25T12:25:53+00:00,857,21.49727,7.04025,19.66667,,,,
2024-05-25T12:26:10+00:00,858,21.46081,7.03421,23.13333,,,,
2024-05-25T12:26:26+00:00,859,21.46791,7.02084,22.73333,,,,
2024-05-25T12:26:42+00:00,860,21.36062,6.95098,21.2,,,,
2024-05-25T12:26:58+00:00,861,21.27742,6.9059,17.6,,,,
2024-05-25T12:27:14+00:00,862,21.26689,6.91857,31.2,,,,
2024-05-25T12:27:30+00:00,863,21.32109,6.90507,29.8,,,,
2024-05-25T12:27:46+00:00,864,21.32066,6.92182,26.66667,,,,
2024-05-25T12:28:03+00:00,865,21.24786,6.90659,14.66667,,,,
2024-05-25T12:28:21+00:00,866,21.29823,6.88705,25.66667,,,,
2024-05-25T12:28:37+00:00,867,21.27635,6.87554,27.2,,,,
2024-05-25T12:28:53+00:00,868,21.25564,6.88357,25.86666,,,,
2024-05-25T12:29:10+00:00,869,21.20555,6.86222,31.86667,,,,
2024-05-25T12:29:26+00:00,870,21.24067,6.83475,25.26667,,,,
2024-05-25T12:29:42+00:00,871,21.1052,6.8232,23.4,,,,
2024-05-25T12:29:58+00:00,872,21.07487,6.8118,42.66667,,,,
2024-05-25T12:30:14+00:00,873,20.98264,6.78686,51,,,,
2024-05-25T12:30:32+00:00,874,20.95145,6.70057,15.26667,,,,
2024-05-25T12:30:49+00:00,875,20.85757,6.65183,26.33333,,,,
2024-05-25T12:31:04+00:00,876,20.82203,6.6484,39.2,,,,
2024-05-25T12:31:20+00:00,877,20.75276,6.62874,25.13333,,,,
2024-05-25T12:31:36+00:00,878,20.74075,6.57049,20,,,,
2024-05-25T12:31:54+00:00,879,20.65919,6.54275,25.4,,,,
2024-05-25T12:32:10+00:00,880,20.58094,6.53616,14.93333,,,,
2024-05-25T12:32:26+00:00,881,20.58428,6.50522,24.46667,,,,
2024-05-25T12:32:43+00:00,882,20.61509,6.53823,23.53333,,,,
2024-05-25T12:32:59+00:00,883,20.58708,6.5103,22.6,,,,
2024-05-25T12:33:16+00:00,884,20.59083,6.51086,34.93333,,,,
2024-05-25T12:33:32+00:00,885,20.50208,6.47431,12.73333,,,,
2024-05-25T12:33:48+00:00,886,20.4105,6.47692,24.06667,,,,
2024-05-25T12:34:04+00:00,887,20.32557,6.39742,22.33333,,,,
2024-05-25T12:34:20+00:00,888,20.31491,6.34225,29.2,,,,
2024-05-25T12:34:37+00:00,889,20.27991,6.34926,17.6,,,,
2024-05-25T12:34:53+00:00,890,20.29491,6.32637,46.4,,,,
2024-05-25T12:35:10+00:00,891,20.21511,6.27241,14.35556,,,,
2024-05-25T12:35:27+00:00,892,20.28942,6.29923,10.88889,,,,
2024-05-25T12:35:43+00:00,893,20.1618,6.2872,19.73333,,,,
2024-05-25T12:35:59+00:00,894,20.21413,6.33263,18.13333,,,,
2024-05-25T12:36:15+00:00,895,20.25644,6.3463,27,,,,
2024-05-25T12:36:31+00:00,896,20.24352,6.3393,35.8,,,,
2024-05-25T12:36:47+00:00,897,20.07922,6.33615,21.4,,,,
2024-05-25T12:37:03+00:00,898,20.13676,6.34363,20.86667,,,,
2024-05-25T12:37:19+00:00,899,20.14373,6.33503,30.53333,,,,
2024-05-25T12:37:36+00:00,900,20.08344,6.33142,15.4,,,,
2024-05-25T12:37:53+00:00,901,20.09535,6.31044,16.8,,,,
2024-05-25T12:38:09+00:00,902,19.9898,6.29699,26.6,,,,
2024-05-25T12:38:25+00:00,903,19.97988,6.2654,19.33333,,,,
2024-05-25T12:38:41+00:00,904,19.91773,6.26828,23,,,,
2024-05-25T12:38:58+00:00,905,19.88647,6.22624,33.73333,,,,
2024-05-25T12:39:14+00:00,906,19.88448,6.2032,13.26667,,,,
2024-05-25T12:39:31+00:00,907,19.84413,6.18165,23.4,,,,
2024-05-25T12:39:47+00:00,908,19.75718,6.14394,16.06667,,,,
2024-05-25T12:40:04+00:00,909,19.66549,6.15084,17.46667,,,,
2024-05-25T12:40:21+00:00,910,19.66339,6.13216,21.26667,,,,
2024-05-25T12:40:38+00:00,911,19.67516,6.13081,19.6,,,,
2024-05-25T12:40:55+00:00,912,19.67982,6.09711,21.33333,,,,
2024-05-25T12:41:11+00:00,913,17.52876,5.0681,15.93333,,,,
,,,,,,,,
,,,,,,,,
,,,,,,,,
,,,,,,,,
,MIN,17.53,5.07,10.89,,,,
,MAX,37.17,14.86,51.00,,,,
,MEAN,28.27,10.31,21.66,,,,
,MEDIAN,28.15,10.18,21.40,,,,
,STD DEV,4.84,2.54,4.65,,,,
